mazda-cx-3 (1).jpg	mazda-cx-3
mazda-cx-3 (2).jpg	mazda-cx-3
mazda-cx-3 (3).jpg	mazda-cx-3
mazda-cx-3 (4).jpg	mazda-cx-3
mazda-cx-3 (5).jpg	mazda-cx-3
mazda-cx-3 (6).jpg	mazda-cx-3
mazda-cx-3 (7).jpg	mazda-cx-3
mazda-cx-3 (8).jpg	mazda-cx-3
mazda-cx-3 (9).jpg	mazda-cx-3
mazda-cx-3 (10).jpg	mazda-cx-3
mazda-cx-3 (11).jpg	mazda-cx-3
mazda-cx-3 (12).jpg	mazda-cx-3
mazda-cx-3 (13).jpg	mazda-cx-3
mazda-cx-3 (14).jpg	mazda-cx-3
mazda-cx-3 (15).jpg	mazda-cx-3
mazda-cx-3 (16).jpg	mazda-cx-3
mazda-cx-3 (17).jpg	mazda-cx-3
mazda-cx-3 (18).jpg	mazda-cx-3
mazda-cx-3 (19).jpg	mazda-cx-3
mazda-cx-3 (20).jpg	mazda-cx-3
mazda-cx-3 (21).jpg	mazda-cx-3
mazda-cx-3 (22).jpg	mazda-cx-3
mazda-cx-3 (23).jpg	mazda-cx-3
mazda-cx-3 (24).jpg	mazda-cx-3
mazda-cx-3 (25).jpg	mazda-cx-3
kia-xceed (1).jpg	kia-xceed
kia-xceed (2).jpg	kia-xceed
kia-xceed (3).jpg	kia-xceed
kia-xceed (4).jpg	kia-xceed
kia-xceed (5).jpg	kia-xceed
kia-xceed (6).jpg	kia-xceed
kia-xceed (7).jpg	kia-xceed
kia-xceed (8).jpg	kia-xceed
kia-xceed (9).jpg	kia-xceed
kia-xceed (10).jpg	kia-xceed
kia-xceed (11).jpg	kia-xceed
kia-xceed (12).jpg	kia-xceed
kia-xceed (13).jpg	kia-xceed
kia-xceed (14).jpg	kia-xceed
kia-xceed (15).jpg	kia-xceed
kia-xceed (16).jpg	kia-xceed
kia-xceed (17).jpg	kia-xceed
kia-xceed (18).jpg	kia-xceed
kia-xceed (19).jpg	kia-xceed
kia-xceed (20).jpg	kia-xceed
kia-xceed (21).jpg	kia-xceed
kia-xceed (22).jpg	kia-xceed
kia-xceed (23).jpg	kia-xceed
kia-xceed (24).jpg	kia-xceed